image,conditioning_image
LowLight/LOL/our485/high/228.png,LowLight/LOL/our485/low/228.png
LowLight/LOL/our485/high/27.png,LowLight/LOL/our485/low/27.png
LowLight/LOL/our485/high/175.png,LowLight/LOL/our485/low/175.png
LowLight/LOL/our485/high/712.png,LowLight/LOL/our485/low/712.png
LowLight/LOL/our485/high/606.png,LowLight/LOL/our485/low/606.png
LowLight/LOL/our485/high/553.png,LowLight/LOL/our485/low/553.png
LowLight/LOL/our485/high/775.png,LowLight/LOL/our485/low/775.png
LowLight/LOL/our485/high/225.png,LowLight/LOL/our485/low/225.png
LowLight/LOL/our485/high/172.png,LowLight/LOL/our485/low/172.png
LowLight/LOL/our485/high/550.png,LowLight/LOL/our485/low/550.png
LowLight/LOL/our485/high/772.png,LowLight/LOL/our485/low/772.png
LowLight/LOL/our485/high/222.png,LowLight/LOL/our485/low/222.png
LowLight/LOL/our485/high/600.png,LowLight/LOL/our485/low/600.png
LowLight/LOL/our485/high/548.png,LowLight/LOL/our485/low/548.png
LowLight/LOL/our485/high/167.png,LowLight/LOL/our485/low/167.png
LowLight/LOL/our485/high/704.png,LowLight/LOL/our485/low/704.png
LowLight/LOL/our485/high/545.png,LowLight/LOL/our485/low/545.png
LowLight/LOL/our485/high/701.png,LowLight/LOL/our485/low/701.png
LowLight/LOL/our485/high/542.png,LowLight/LOL/our485/low/542.png
LowLight/LOL/our485/high/764.png,LowLight/LOL/our485/low/764.png
LowLight/LOL/our485/high/60.png,LowLight/LOL/our485/low/60.png
LowLight/LOL/our485/high/93.png,LowLight/LOL/our485/low/93.png
LowLight/LOL/our485/high/761.png,LowLight/LOL/our485/low/761.png
LowLight/LOL/our485/high/649.png,LowLight/LOL/our485/low/649.png
LowLight/LOL/our485/high/44.png,LowLight/LOL/our485/low/44.png
LowLight/LOL/our485/high/211.png,LowLight/LOL/our485/low/211.png
LowLight/LOL/our485/high/646.png,LowLight/LOL/our485/low/646.png
LowLight/LOL/our485/high/57.png,LowLight/LOL/our485/low/57.png
LowLight/LOL/our485/high/487.png,LowLight/LOL/our485/low/487.png
LowLight/LOL/our485/high/159.png,LowLight/LOL/our485/low/159.png
LowLight/LOL/our485/high/643.png,LowLight/LOL/our485/low/643.png
LowLight/LOL/our485/high/537.png,LowLight/LOL/our485/low/537.png
LowLight/LOL/our485/high/484.png,LowLight/LOL/our485/low/484.png
LowLight/LOL/our485/high/640.png,LowLight/LOL/our485/low/640.png
LowLight/LOL/our485/high/534.png,LowLight/LOL/our485/low/534.png
LowLight/LOL/our485/high/481.png,LowLight/LOL/our485/low/481.png
LowLight/LOL/our485/high/531.png,LowLight/LOL/our485/low/531.png
LowLight/LOL/our485/high/150.png,LowLight/LOL/our485/low/150.png
LowLight/LOL/our485/high/638.png,LowLight/LOL/our485/low/638.png
LowLight/LOL/our485/high/257.png,LowLight/LOL/our485/low/257.png
LowLight/LOL/our485/high/479.png,LowLight/LOL/our485/low/479.png
LowLight/LOL/our485/high/254.png,LowLight/LOL/our485/low/254.png
LowLight/LOL/our485/high/476.png,LowLight/LOL/our485/low/476.png
LowLight/LOL/our485/high/698.png,LowLight/LOL/our485/low/698.png
LowLight/LOL/our485/high/251.png,LowLight/LOL/our485/low/251.png
LowLight/LOL/our485/high/473.png,LowLight/LOL/our485/low/473.png
LowLight/LOL/our485/high/695.png,LowLight/LOL/our485/low/695.png
LowLight/LOL/our485/high/145.png,LowLight/LOL/our485/low/145.png
LowLight/LOL/our485/high/739.png,LowLight/LOL/our485/low/739.png
LowLight/LOL/our485/high/74.png,LowLight/LOL/our485/low/74.png
LowLight/LOL/our485/high/470.png,LowLight/LOL/our485/low/470.png
LowLight/LOL/our485/high/692.png,LowLight/LOL/our485/low/692.png
LowLight/LOL/our485/high/25.png,LowLight/LOL/our485/low/25.png
LowLight/LOL/our485/high/142.png,LowLight/LOL/our485/low/142.png
LowLight/LOL/our485/high/736.png,LowLight/LOL/our485/low/736.png
LowLight/LOL/our485/high/87.png,LowLight/LOL/our485/low/87.png
LowLight/LOL/our485/high/9.png,LowLight/LOL/our485/low/9.png
LowLight/LOL/our485/high/38.png,LowLight/LOL/our485/low/38.png
LowLight/LOL/our485/high/249.png,LowLight/LOL/our485/low/249.png
LowLight/LOL/our485/high/733.png,LowLight/LOL/our485/low/733.png
LowLight/LOL/our485/high/627.png,LowLight/LOL/our485/low/627.png
LowLight/LOL/our485/high/574.png,LowLight/LOL/our485/low/574.png
LowLight/LOL/our485/high/246.png,LowLight/LOL/our485/low/246.png
LowLight/LOL/our485/high/468.png,LowLight/LOL/our485/low/468.png
LowLight/LOL/our485/high/730.png,LowLight/LOL/our485/low/730.png
LowLight/LOL/our485/high/624.png,LowLight/LOL/our485/low/624.png
LowLight/LOL/our485/high/571.png,LowLight/LOL/our485/low/571.png
LowLight/LOL/our485/high/243.png,LowLight/LOL/our485/low/243.png
LowLight/LOL/our485/high/621.png,LowLight/LOL/our485/low/621.png
LowLight/LOL/our485/high/240.png,LowLight/LOL/our485/low/240.png
LowLight/LOL/our485/high/506.png,LowLight/LOL/our485/low/506.png
LowLight/LOL/our485/high/728.png,LowLight/LOL/our485/low/728.png
LowLight/LOL/our485/high/569.png,LowLight/LOL/our485/low/569.png
LowLight/LOL/our485/high/188.png,LowLight/LOL/our485/low/188.png
LowLight/LOL/our485/high/725.png,LowLight/LOL/our485/low/725.png
LowLight/LOL/our485/high/344.png,LowLight/LOL/our485/low/344.png
LowLight/LOL/our485/high/566.png,LowLight/LOL/our485/low/566.png
LowLight/LOL/our485/high/788.png,LowLight/LOL/our485/low/788.png
LowLight/LOL/our485/high/238.png,LowLight/LOL/our485/low/238.png
LowLight/LOL/our485/high/185.png,LowLight/LOL/our485/low/185.png
LowLight/LOL/our485/high/500.png,LowLight/LOL/our485/low/500.png
LowLight/LOL/our485/high/722.png,LowLight/LOL/our485/low/722.png
LowLight/LOL/our485/high/91.png,LowLight/LOL/our485/low/91.png
LowLight/LOL/our485/high/616.png,LowLight/LOL/our485/low/616.png
LowLight/LOL/our485/high/563.png,LowLight/LOL/our485/low/563.png
LowLight/LOL/our485/high/785.png,LowLight/LOL/our485/low/785.png
LowLight/LOL/our485/high/235.png,LowLight/LOL/our485/low/235.png
LowLight/LOL/our485/high/613.png,LowLight/LOL/our485/low/613.png
LowLight/LOL/our485/high/560.png,LowLight/LOL/our485/low/560.png
LowLight/LOL/our485/high/782.png,LowLight/LOL/our485/low/782.png
LowLight/LOL/our485/high/88.png,LowLight/LOL/our485/low/88.png
LowLight/LOL/our485/high/232.png,LowLight/LOL/our485/low/232.png
LowLight/LOL/our485/high/610.png,LowLight/LOL/our485/low/610.png
LowLight/LOL/our485/high/68.png,LowLight/LOL/our485/low/68.png
LowLight/LOL/our485/high/117.png,LowLight/LOL/our485/low/117.png
LowLight/LOL/our485/high/717.png,LowLight/LOL/our485/low/717.png
LowLight/LOL/our485/high/114.png,LowLight/LOL/our485/low/114.png
LowLight/LOL/our485/high/558.png,LowLight/LOL/our485/low/558.png
LowLight/LOL/our485/high/714.png,LowLight/LOL/our485/low/714.png
LowLight/LOL/our485/high/555.png,LowLight/LOL/our485/low/555.png
LowLight/LOL/our485/high/777.png,LowLight/LOL/our485/low/777.png
LowLight/LOL/our485/high/174.png,LowLight/LOL/our485/low/174.png
LowLight/LOL/our485/high/711.png,LowLight/LOL/our485/low/711.png
LowLight/LOL/our485/high/330.png,LowLight/LOL/our485/low/330.png
LowLight/LOL/our485/high/552.png,LowLight/LOL/our485/low/552.png
LowLight/LOL/our485/high/774.png,LowLight/LOL/our485/low/774.png
LowLight/LOL/our485/high/171.png,LowLight/LOL/our485/low/171.png
LowLight/LOL/our485/high/771.png,LowLight/LOL/our485/low/771.png
LowLight/LOL/our485/high/659.png,LowLight/LOL/our485/low/659.png
LowLight/LOL/our485/high/109.png,LowLight/LOL/our485/low/109.png
LowLight/LOL/our485/high/709.png,LowLight/LOL/our485/low/709.png
LowLight/LOL/our485/high/106.png,LowLight/LOL/our485/low/106.png
LowLight/LOL/our485/high/328.png,LowLight/LOL/our485/low/328.png
LowLight/LOL/our485/high/497.png,LowLight/LOL/our485/low/497.png
LowLight/LOL/our485/high/169.png,LowLight/LOL/our485/low/169.png
LowLight/LOL/our485/high/653.png,LowLight/LOL/our485/low/653.png
LowLight/LOL/our485/high/103.png,LowLight/LOL/our485/low/103.png
LowLight/LOL/our485/high/494.png,LowLight/LOL/our485/low/494.png
LowLight/LOL/our485/high/703.png,LowLight/LOL/our485/low/703.png
LowLight/LOL/our485/high/650.png,LowLight/LOL/our485/low/650.png
LowLight/LOL/our485/high/52.png,LowLight/LOL/our485/low/52.png
LowLight/LOL/our485/high/100.png,LowLight/LOL/our485/low/100.png
LowLight/LOL/our485/high/544.png,LowLight/LOL/our485/low/544.png
LowLight/LOL/our485/high/491.png,LowLight/LOL/our485/low/491.png
LowLight/LOL/our485/high/36.png,LowLight/LOL/our485/low/36.png
LowLight/LOL/our485/high/700.png,LowLight/LOL/our485/low/700.png
LowLight/LOL/our485/high/541.png,LowLight/LOL/our485/low/541.png
LowLight/LOL/our485/high/160.png,LowLight/LOL/our485/low/160.png
LowLight/LOL/our485/high/648.png,LowLight/LOL/our485/low/648.png
LowLight/LOL/our485/high/267.png,LowLight/LOL/our485/low/267.png
LowLight/LOL/our485/high/489.png,LowLight/LOL/our485/low/489.png
LowLight/LOL/our485/high/645.png,LowLight/LOL/our485/low/645.png
LowLight/LOL/our485/high/264.png,LowLight/LOL/our485/low/264.png
LowLight/LOL/our485/high/486.png,LowLight/LOL/our485/low/486.png
LowLight/LOL/our485/high/642.png,LowLight/LOL/our485/low/642.png
LowLight/LOL/our485/high/261.png,LowLight/LOL/our485/low/261.png
LowLight/LOL/our485/high/483.png,LowLight/LOL/our485/low/483.png
LowLight/LOL/our485/high/480.png,LowLight/LOL/our485/low/480.png
LowLight/LOL/our485/high/152.png,LowLight/LOL/our485/low/152.png
LowLight/LOL/our485/high/746.png,LowLight/LOL/our485/low/746.png
LowLight/LOL/our485/high/587.png,LowLight/LOL/our485/low/587.png
LowLight/LOL/our485/high/259.png,LowLight/LOL/our485/low/259.png
LowLight/LOL/our485/high/743.png,LowLight/LOL/our485/low/743.png
LowLight/LOL/our485/high/637.png,LowLight/LOL/our485/low/637.png
LowLight/LOL/our485/high/53.png,LowLight/LOL/our485/low/53.png
LowLight/LOL/our485/high/478.png,LowLight/LOL/our485/low/478.png
LowLight/LOL/our485/high/740.png,LowLight/LOL/our485/low/740.png
LowLight/LOL/our485/high/634.png,LowLight/LOL/our485/low/634.png
LowLight/LOL/our485/high/33.png,LowLight/LOL/our485/low/33.png
LowLight/LOL/our485/high/99.png,LowLight/LOL/our485/low/99.png
LowLight/LOL/our485/high/253.png,LowLight/LOL/our485/low/253.png
LowLight/LOL/our485/high/475.png,LowLight/LOL/our485/low/475.png
LowLight/LOL/our485/high/17.png,LowLight/LOL/our485/low/17.png
LowLight/LOL/our485/high/250.png,LowLight/LOL/our485/low/250.png
LowLight/LOL/our485/high/472.png,LowLight/LOL/our485/low/472.png
LowLight/LOL/our485/high/738.png,LowLight/LOL/our485/low/738.png
LowLight/LOL/our485/high/579.png,LowLight/LOL/our485/low/579.png
LowLight/LOL/our485/high/198.png,LowLight/LOL/our485/low/198.png
LowLight/LOL/our485/high/735.png,LowLight/LOL/our485/low/735.png
LowLight/LOL/our485/high/576.png,LowLight/LOL/our485/low/576.png
LowLight/LOL/our485/high/248.png,LowLight/LOL/our485/low/248.png
LowLight/LOL/our485/high/195.png,LowLight/LOL/our485/low/195.png
LowLight/LOL/our485/high/732.png,LowLight/LOL/our485/low/732.png
LowLight/LOL/our485/high/573.png,LowLight/LOL/our485/low/573.png
LowLight/LOL/our485/high/570.png,LowLight/LOL/our485/low/570.png
LowLight/LOL/our485/high/242.png,LowLight/LOL/our485/low/242.png
LowLight/LOL/our485/high/508.png,LowLight/LOL/our485/low/508.png
LowLight/LOL/our485/high/6.png,LowLight/LOL/our485/low/6.png
LowLight/LOL/our485/high/677.png,LowLight/LOL/our485/low/677.png
LowLight/LOL/our485/high/127.png,LowLight/LOL/our485/low/127.png
LowLight/LOL/our485/high/50.png,LowLight/LOL/our485/low/50.png
LowLight/LOL/our485/high/83.png,LowLight/LOL/our485/low/83.png
LowLight/LOL/our485/high/505.png,LowLight/LOL/our485/low/505.png
LowLight/LOL/our485/high/727.png,LowLight/LOL/our485/low/727.png
LowLight/LOL/our485/high/674.png,LowLight/LOL/our485/low/674.png
LowLight/LOL/our485/high/124.png,LowLight/LOL/our485/low/124.png
LowLight/LOL/our485/high/568.png,LowLight/LOL/our485/low/568.png
LowLight/LOL/our485/high/187.png,LowLight/LOL/our485/low/187.png
LowLight/LOL/our485/high/502.png,LowLight/LOL/our485/low/502.png
LowLight/LOL/our485/high/724.png,LowLight/LOL/our485/low/724.png
LowLight/LOL/our485/high/96.png,LowLight/LOL/our485/low/96.png
LowLight/LOL/our485/high/671.png,LowLight/LOL/our485/low/671.png
LowLight/LOL/our485/high/121.png,LowLight/LOL/our485/low/121.png
LowLight/LOL/our485/high/565.png,LowLight/LOL/our485/low/565.png
LowLight/LOL/our485/high/14.png,LowLight/LOL/our485/low/14.png
LowLight/LOL/our485/high/47.png,LowLight/LOL/our485/low/47.png
LowLight/LOL/our485/high/184.png,LowLight/LOL/our485/low/184.png
LowLight/LOL/our485/high/721.png,LowLight/LOL/our485/low/721.png
LowLight/LOL/our485/high/562.png,LowLight/LOL/our485/low/562.png
LowLight/LOL/our485/high/119.png,LowLight/LOL/our485/low/119.png
LowLight/LOL/our485/high/719.png,LowLight/LOL/our485/low/719.png
LowLight/LOL/our485/high/666.png,LowLight/LOL/our485/low/666.png
LowLight/LOL/our485/high/116.png,LowLight/LOL/our485/low/116.png
LowLight/LOL/our485/high/716.png,LowLight/LOL/our485/low/716.png
LowLight/LOL/our485/high/663.png,LowLight/LOL/our485/low/663.png
LowLight/LOL/our485/high/113.png,LowLight/LOL/our485/low/113.png
LowLight/LOL/our485/high/557.png,LowLight/LOL/our485/low/557.png
LowLight/LOL/our485/high/176.png,LowLight/LOL/our485/low/176.png
LowLight/LOL/our485/high/713.png,LowLight/LOL/our485/low/713.png
LowLight/LOL/our485/high/660.png,LowLight/LOL/our485/low/660.png
LowLight/LOL/our485/high/110.png,LowLight/LOL/our485/low/110.png
LowLight/LOL/our485/high/554.png,LowLight/LOL/our485/low/554.png
LowLight/LOL/our485/high/173.png,LowLight/LOL/our485/low/173.png
LowLight/LOL/our485/high/710.png,LowLight/LOL/our485/low/710.png
LowLight/LOL/our485/high/551.png,LowLight/LOL/our485/low/551.png
LowLight/LOL/our485/high/80.png,LowLight/LOL/our485/low/80.png
LowLight/LOL/our485/high/64.png,LowLight/LOL/our485/low/64.png
LowLight/LOL/our485/high/658.png,LowLight/LOL/our485/low/658.png
LowLight/LOL/our485/high/499.png,LowLight/LOL/our485/low/499.png
LowLight/LOL/our485/high/15.png,LowLight/LOL/our485/low/15.png
LowLight/LOL/our485/high/77.png,LowLight/LOL/our485/low/77.png
LowLight/LOL/our485/high/655.png,LowLight/LOL/our485/low/655.png
LowLight/LOL/our485/high/105.png,LowLight/LOL/our485/low/105.png
LowLight/LOL/our485/high/496.png,LowLight/LOL/our485/low/496.png
LowLight/LOL/our485/high/28.png,LowLight/LOL/our485/low/28.png
LowLight/LOL/our485/high/102.png,LowLight/LOL/our485/low/102.png
LowLight/LOL/our485/high/759.png,LowLight/LOL/our485/low/759.png
LowLight/LOL/our485/high/490.png,LowLight/LOL/our485/low/490.png
LowLight/LOL/our485/high/209.png,LowLight/LOL/our485/low/209.png
LowLight/LOL/our485/high/206.png,LowLight/LOL/our485/low/206.png
LowLight/LOL/our485/high/597.png,LowLight/LOL/our485/low/597.png
LowLight/LOL/our485/high/203.png,LowLight/LOL/our485/low/203.png
LowLight/LOL/our485/high/647.png,LowLight/LOL/our485/low/647.png
LowLight/LOL/our485/high/594.png,LowLight/LOL/our485/low/594.png
LowLight/LOL/our485/high/488.png,LowLight/LOL/our485/low/488.png
LowLight/LOL/our485/high/750.png,LowLight/LOL/our485/low/750.png
LowLight/LOL/our485/high/200.png,LowLight/LOL/our485/low/200.png
LowLight/LOL/our485/high/644.png,LowLight/LOL/our485/low/644.png
LowLight/LOL/our485/high/591.png,LowLight/LOL/our485/low/591.png
LowLight/LOL/our485/high/263.png,LowLight/LOL/our485/low/263.png
LowLight/LOL/our485/high/485.png,LowLight/LOL/our485/low/485.png
LowLight/LOL/our485/high/81.png,LowLight/LOL/our485/low/81.png
LowLight/LOL/our485/high/641.png,LowLight/LOL/our485/low/641.png
LowLight/LOL/our485/high/529.png,LowLight/LOL/our485/low/529.png
LowLight/LOL/our485/high/260.png,LowLight/LOL/our485/low/260.png
LowLight/LOL/our485/high/482.png,LowLight/LOL/our485/low/482.png
LowLight/LOL/our485/high/61.png,LowLight/LOL/our485/low/61.png
LowLight/LOL/our485/high/94.png,LowLight/LOL/our485/low/94.png
LowLight/LOL/our485/high/526.png,LowLight/LOL/our485/low/526.png
LowLight/LOL/our485/high/12.png,LowLight/LOL/our485/low/12.png
LowLight/LOL/our485/high/45.png,LowLight/LOL/our485/low/45.png
LowLight/LOL/our485/high/523.png,LowLight/LOL/our485/low/523.png
LowLight/LOL/our485/high/745.png,LowLight/LOL/our485/low/745.png
LowLight/LOL/our485/high/58.png,LowLight/LOL/our485/low/58.png
LowLight/LOL/our485/high/586.png,LowLight/LOL/our485/low/586.png
LowLight/LOL/our485/high/258.png,LowLight/LOL/our485/low/258.png
LowLight/LOL/our485/high/583.png,LowLight/LOL/our485/low/583.png
LowLight/LOL/our485/high/580.png,LowLight/LOL/our485/low/580.png
LowLight/LOL/our485/high/252.png,LowLight/LOL/our485/low/252.png
LowLight/LOL/our485/high/687.png,LowLight/LOL/our485/low/687.png
LowLight/LOL/our485/high/137.png,LowLight/LOL/our485/low/137.png
LowLight/LOL/our485/high/515.png,LowLight/LOL/our485/low/515.png
LowLight/LOL/our485/high/737.png,LowLight/LOL/our485/low/737.png
LowLight/LOL/our485/high/684.png,LowLight/LOL/our485/low/684.png
LowLight/LOL/our485/high/578.png,LowLight/LOL/our485/low/578.png
LowLight/LOL/our485/high/512.png,LowLight/LOL/our485/low/512.png
LowLight/LOL/our485/high/734.png,LowLight/LOL/our485/low/734.png
LowLight/LOL/our485/high/681.png,LowLight/LOL/our485/low/681.png
LowLight/LOL/our485/high/131.png,LowLight/LOL/our485/low/131.png
LowLight/LOL/our485/high/575.png,LowLight/LOL/our485/low/575.png
LowLight/LOL/our485/high/194.png,LowLight/LOL/our485/low/194.png
LowLight/LOL/our485/high/731.png,LowLight/LOL/our485/low/731.png
LowLight/LOL/our485/high/62.png,LowLight/LOL/our485/low/62.png
LowLight/LOL/our485/high/572.png,LowLight/LOL/our485/low/572.png
LowLight/LOL/our485/high/191.png,LowLight/LOL/our485/low/191.png
LowLight/LOL/our485/high/42.png,LowLight/LOL/our485/low/42.png
LowLight/LOL/our485/high/75.png,LowLight/LOL/our485/low/75.png
LowLight/LOL/our485/high/679.png,LowLight/LOL/our485/low/679.png
LowLight/LOL/our485/high/26.png,LowLight/LOL/our485/low/26.png
LowLight/LOL/our485/high/129.png,LowLight/LOL/our485/low/129.png
LowLight/LOL/our485/high/507.png,LowLight/LOL/our485/low/507.png
LowLight/LOL/our485/high/729.png,LowLight/LOL/our485/low/729.png
LowLight/LOL/our485/high/676.png,LowLight/LOL/our485/low/676.png
LowLight/LOL/our485/high/39.png,LowLight/LOL/our485/low/39.png
LowLight/LOL/our485/high/126.png,LowLight/LOL/our485/low/126.png
LowLight/LOL/our485/high/189.png,LowLight/LOL/our485/low/189.png
LowLight/LOL/our485/high/504.png,LowLight/LOL/our485/low/504.png
LowLight/LOL/our485/high/726.png,LowLight/LOL/our485/low/726.png
LowLight/LOL/our485/high/123.png,LowLight/LOL/our485/low/123.png
LowLight/LOL/our485/high/186.png,LowLight/LOL/our485/low/186.png
LowLight/LOL/our485/high/501.png,LowLight/LOL/our485/low/501.png
LowLight/LOL/our485/high/723.png,LowLight/LOL/our485/low/723.png
LowLight/LOL/our485/high/670.png,LowLight/LOL/our485/low/670.png
LowLight/LOL/our485/high/120.png,LowLight/LOL/our485/low/120.png
LowLight/LOL/our485/high/342.png,LowLight/LOL/our485/low/342.png
LowLight/LOL/our485/high/183.png,LowLight/LOL/our485/low/183.png
LowLight/LOL/our485/high/720.png,LowLight/LOL/our485/low/720.png
LowLight/LOL/our485/high/608.png,LowLight/LOL/our485/low/608.png
LowLight/LOL/our485/high/227.png,LowLight/LOL/our485/low/227.png
LowLight/LOL/our485/high/180.png,LowLight/LOL/our485/low/180.png
LowLight/LOL/our485/high/605.png,LowLight/LOL/our485/low/605.png
LowLight/LOL/our485/high/668.png,LowLight/LOL/our485/low/668.png
LowLight/LOL/our485/high/118.png,LowLight/LOL/our485/low/118.png
LowLight/LOL/our485/high/221.png,LowLight/LOL/our485/low/221.png
LowLight/LOL/our485/high/115.png,LowLight/LOL/our485/low/115.png
LowLight/LOL/our485/high/92.png,LowLight/LOL/our485/low/92.png
LowLight/LOL/our485/high/662.png,LowLight/LOL/our485/low/662.png
LowLight/LOL/our485/high/10.png,LowLight/LOL/our485/low/10.png
LowLight/LOL/our485/high/43.png,LowLight/LOL/our485/low/43.png
LowLight/LOL/our485/high/112.png,LowLight/LOL/our485/low/112.png
LowLight/LOL/our485/high/769.png,LowLight/LOL/our485/low/769.png
LowLight/LOL/our485/high/56.png,LowLight/LOL/our485/low/56.png
LowLight/LOL/our485/high/89.png,LowLight/LOL/our485/low/89.png
LowLight/LOL/our485/high/219.png,LowLight/LOL/our485/low/219.png
LowLight/LOL/our485/high/766.png,LowLight/LOL/our485/low/766.png
LowLight/LOL/our485/high/69.png,LowLight/LOL/our485/low/69.png
LowLight/LOL/our485/high/216.png,LowLight/LOL/our485/low/216.png
LowLight/LOL/our485/high/763.png,LowLight/LOL/our485/low/763.png
LowLight/LOL/our485/high/213.png,LowLight/LOL/our485/low/213.png
LowLight/LOL/our485/high/107.png,LowLight/LOL/our485/low/107.png
LowLight/LOL/our485/high/498.png,LowLight/LOL/our485/low/498.png
LowLight/LOL/our485/high/760.png,LowLight/LOL/our485/low/760.png
LowLight/LOL/our485/high/210.png,LowLight/LOL/our485/low/210.png
LowLight/LOL/our485/high/654.png,LowLight/LOL/our485/low/654.png
LowLight/LOL/our485/high/104.png,LowLight/LOL/our485/low/104.png
LowLight/LOL/our485/high/495.png,LowLight/LOL/our485/low/495.png
LowLight/LOL/our485/high/651.png,LowLight/LOL/our485/low/651.png
LowLight/LOL/our485/high/539.png,LowLight/LOL/our485/low/539.png
LowLight/LOL/our485/high/101.png,LowLight/LOL/our485/low/101.png
LowLight/LOL/our485/high/492.png,LowLight/LOL/our485/low/492.png
LowLight/LOL/our485/high/758.png,LowLight/LOL/our485/low/758.png
LowLight/LOL/our485/high/533.png,LowLight/LOL/our485/low/533.png
LowLight/LOL/our485/high/596.png,LowLight/LOL/our485/low/596.png
LowLight/LOL/our485/high/530.png,LowLight/LOL/our485/low/530.png
LowLight/LOL/our485/high/752.png,LowLight/LOL/our485/low/752.png
LowLight/LOL/our485/high/40.png,LowLight/LOL/our485/low/40.png
LowLight/LOL/our485/high/73.png,LowLight/LOL/our485/low/73.png
LowLight/LOL/our485/high/202.png,LowLight/LOL/our485/low/202.png
LowLight/LOL/our485/high/593.png,LowLight/LOL/our485/low/593.png
LowLight/LOL/our485/high/24.png,LowLight/LOL/our485/low/24.png
LowLight/LOL/our485/high/265.png,LowLight/LOL/our485/low/265.png
LowLight/LOL/our485/high/86.png,LowLight/LOL/our485/low/86.png
LowLight/LOL/our485/high/590.png,LowLight/LOL/our485/low/590.png
LowLight/LOL/our485/high/262.png,LowLight/LOL/our485/low/262.png
LowLight/LOL/our485/high/528.png,LowLight/LOL/our485/low/528.png
LowLight/LOL/our485/high/697.png,LowLight/LOL/our485/low/697.png
LowLight/LOL/our485/high/147.png,LowLight/LOL/our485/low/147.png
LowLight/LOL/our485/high/525.png,LowLight/LOL/our485/low/525.png
LowLight/LOL/our485/high/747.png,LowLight/LOL/our485/low/747.png
LowLight/LOL/our485/high/694.png,LowLight/LOL/our485/low/694.png
LowLight/LOL/our485/high/144.png,LowLight/LOL/our485/low/144.png
LowLight/LOL/our485/high/588.png,LowLight/LOL/our485/low/588.png
LowLight/LOL/our485/high/522.png,LowLight/LOL/our485/low/522.png
LowLight/LOL/our485/high/744.png,LowLight/LOL/our485/low/744.png
LowLight/LOL/our485/high/691.png,LowLight/LOL/our485/low/691.png
LowLight/LOL/our485/high/141.png,LowLight/LOL/our485/low/141.png
LowLight/LOL/our485/high/585.png,LowLight/LOL/our485/low/585.png
LowLight/LOL/our485/high/741.png,LowLight/LOL/our485/low/741.png
LowLight/LOL/our485/high/629.png,LowLight/LOL/our485/low/629.png
LowLight/LOL/our485/high/626.png,LowLight/LOL/our485/low/626.png
LowLight/LOL/our485/high/689.png,LowLight/LOL/our485/low/689.png
LowLight/LOL/our485/high/139.png,LowLight/LOL/our485/low/139.png
LowLight/LOL/our485/high/623.png,LowLight/LOL/our485/low/623.png
LowLight/LOL/our485/high/517.png,LowLight/LOL/our485/low/517.png
LowLight/LOL/our485/high/464.png,LowLight/LOL/our485/low/464.png
LowLight/LOL/our485/high/686.png,LowLight/LOL/our485/low/686.png
LowLight/LOL/our485/high/136.png,LowLight/LOL/our485/low/136.png
LowLight/LOL/our485/high/70.png,LowLight/LOL/our485/low/70.png
LowLight/LOL/our485/high/620.png,LowLight/LOL/our485/low/620.png
LowLight/LOL/our485/high/199.png,LowLight/LOL/our485/low/199.png
LowLight/LOL/our485/high/514.png,LowLight/LOL/our485/low/514.png
LowLight/LOL/our485/high/683.png,LowLight/LOL/our485/low/683.png
LowLight/LOL/our485/high/21.png,LowLight/LOL/our485/low/21.png
LowLight/LOL/our485/high/54.png,LowLight/LOL/our485/low/54.png
LowLight/LOL/our485/high/196.png,LowLight/LOL/our485/low/196.png
LowLight/LOL/our485/high/511.png,LowLight/LOL/our485/low/511.png
LowLight/LOL/our485/high/680.png,LowLight/LOL/our485/low/680.png
LowLight/LOL/our485/high/67.png,LowLight/LOL/our485/low/67.png
LowLight/LOL/our485/high/130.png,LowLight/LOL/our485/low/130.png
LowLight/LOL/our485/high/18.png,LowLight/LOL/our485/low/18.png
LowLight/LOL/our485/high/193.png,LowLight/LOL/our485/low/193.png
LowLight/LOL/our485/high/787.png,LowLight/LOL/our485/low/787.png
LowLight/LOL/our485/high/237.png,LowLight/LOL/our485/low/237.png
LowLight/LOL/our485/high/615.png,LowLight/LOL/our485/low/615.png
LowLight/LOL/our485/high/784.png,LowLight/LOL/our485/low/784.png
LowLight/LOL/our485/high/678.png,LowLight/LOL/our485/low/678.png
LowLight/LOL/our485/high/128.png,LowLight/LOL/our485/low/128.png
LowLight/LOL/our485/high/612.png,LowLight/LOL/our485/low/612.png
LowLight/LOL/our485/high/781.png,LowLight/LOL/our485/low/781.png
LowLight/LOL/our485/high/231.png,LowLight/LOL/our485/low/231.png
LowLight/LOL/our485/high/675.png,LowLight/LOL/our485/low/675.png
LowLight/LOL/our485/high/125.png,LowLight/LOL/our485/low/125.png
LowLight/LOL/our485/high/450.png,LowLight/LOL/our485/low/450.png
LowLight/LOL/our485/high/122.png,LowLight/LOL/our485/low/122.png
LowLight/LOL/our485/high/779.png,LowLight/LOL/our485/low/779.png
LowLight/LOL/our485/high/229.png,LowLight/LOL/our485/low/229.png
LowLight/LOL/our485/high/607.png,LowLight/LOL/our485/low/607.png
LowLight/LOL/our485/high/776.png,LowLight/LOL/our485/low/776.png
LowLight/LOL/our485/high/604.png,LowLight/LOL/our485/low/604.png
LowLight/LOL/our485/high/51.png,LowLight/LOL/our485/low/51.png
LowLight/LOL/our485/high/84.png,LowLight/LOL/our485/low/84.png
LowLight/LOL/our485/high/773.png,LowLight/LOL/our485/low/773.png
LowLight/LOL/our485/high/667.png,LowLight/LOL/our485/low/667.png
LowLight/LOL/our485/high/35.png,LowLight/LOL/our485/low/35.png
LowLight/LOL/our485/high/601.png,LowLight/LOL/our485/low/601.png
LowLight/LOL/our485/high/770.png,LowLight/LOL/our485/low/770.png
LowLight/LOL/our485/high/97.png,LowLight/LOL/our485/low/97.png
LowLight/LOL/our485/high/220.png,LowLight/LOL/our485/low/220.png
LowLight/LOL/our485/high/664.png,LowLight/LOL/our485/low/664.png
LowLight/LOL/our485/high/48.png,LowLight/LOL/our485/low/48.png
LowLight/LOL/our485/high/708.png,LowLight/LOL/our485/low/708.png
LowLight/LOL/our485/high/2.png,LowLight/LOL/our485/low/2.png
LowLight/LOL/our485/high/661.png,LowLight/LOL/our485/low/661.png
LowLight/LOL/our485/high/549.png,LowLight/LOL/our485/low/549.png
LowLight/LOL/our485/high/546.png,LowLight/LOL/our485/low/546.png
LowLight/LOL/our485/high/702.png,LowLight/LOL/our485/low/702.png
LowLight/LOL/our485/high/543.png,LowLight/LOL/our485/low/543.png
LowLight/LOL/our485/high/765.png,LowLight/LOL/our485/low/765.png
LowLight/LOL/our485/high/215.png,LowLight/LOL/our485/low/215.png
LowLight/LOL/our485/high/162.png,LowLight/LOL/our485/low/162.png
LowLight/LOL/our485/high/540.png,LowLight/LOL/our485/low/540.png
LowLight/LOL/our485/high/762.png,LowLight/LOL/our485/low/762.png
LowLight/LOL/our485/high/212.png,LowLight/LOL/our485/low/212.png
LowLight/LOL/our485/high/538.png,LowLight/LOL/our485/low/538.png
LowLight/LOL/our485/high/157.png,LowLight/LOL/our485/low/157.png
LowLight/LOL/our485/high/535.png,LowLight/LOL/our485/low/535.png
LowLight/LOL/our485/high/757.png,LowLight/LOL/our485/low/757.png
LowLight/LOL/our485/high/98.png,LowLight/LOL/our485/low/98.png
LowLight/LOL/our485/high/207.png,LowLight/LOL/our485/low/207.png
LowLight/LOL/our485/high/154.png,LowLight/LOL/our485/low/154.png
LowLight/LOL/our485/high/598.png,LowLight/LOL/our485/low/598.png
LowLight/LOL/our485/high/16.png,LowLight/LOL/our485/low/16.png
LowLight/LOL/our485/high/532.png,LowLight/LOL/our485/low/532.png
LowLight/LOL/our485/high/78.png,LowLight/LOL/our485/low/78.png
LowLight/LOL/our485/high/204.png,LowLight/LOL/our485/low/204.png
LowLight/LOL/our485/high/151.png,LowLight/LOL/our485/low/151.png
LowLight/LOL/our485/high/595.png,LowLight/LOL/our485/low/595.png
LowLight/LOL/our485/high/751.png,LowLight/LOL/our485/low/751.png
LowLight/LOL/our485/high/639.png,LowLight/LOL/our485/low/639.png
LowLight/LOL/our485/high/201.png,LowLight/LOL/our485/low/201.png
LowLight/LOL/our485/high/592.png,LowLight/LOL/our485/low/592.png
LowLight/LOL/our485/high/477.png,LowLight/LOL/our485/low/477.png
LowLight/LOL/our485/high/699.png,LowLight/LOL/our485/low/699.png
LowLight/LOL/our485/high/149.png,LowLight/LOL/our485/low/149.png
LowLight/LOL/our485/high/633.png,LowLight/LOL/our485/low/633.png
LowLight/LOL/our485/high/527.png,LowLight/LOL/our485/low/527.png
LowLight/LOL/our485/high/474.png,LowLight/LOL/our485/low/474.png
LowLight/LOL/our485/high/696.png,LowLight/LOL/our485/low/696.png
LowLight/LOL/our485/high/630.png,LowLight/LOL/our485/low/630.png
LowLight/LOL/our485/high/524.png,LowLight/LOL/our485/low/524.png
LowLight/LOL/our485/high/471.png,LowLight/LOL/our485/low/471.png
LowLight/LOL/our485/high/693.png,LowLight/LOL/our485/low/693.png
LowLight/LOL/our485/high/143.png,LowLight/LOL/our485/low/143.png
LowLight/LOL/our485/high/690.png,LowLight/LOL/our485/low/690.png
LowLight/LOL/our485/high/140.png,LowLight/LOL/our485/low/140.png
LowLight/LOL/our485/high/82.png,LowLight/LOL/our485/low/82.png
LowLight/LOL/our485/high/628.png,LowLight/LOL/our485/low/628.png
LowLight/LOL/our485/high/247.png,LowLight/LOL/our485/low/247.png
LowLight/LOL/our485/high/469.png,LowLight/LOL/our485/low/469.png
LowLight/LOL/our485/high/95.png,LowLight/LOL/our485/low/95.png
LowLight/LOL/our485/high/625.png,LowLight/LOL/our485/low/625.png
LowLight/LOL/our485/high/13.png,LowLight/LOL/our485/low/13.png
LowLight/LOL/our485/high/46.png,LowLight/LOL/our485/low/46.png
LowLight/LOL/our485/high/244.png,LowLight/LOL/our485/low/244.png
LowLight/LOL/our485/high/688.png,LowLight/LOL/our485/low/688.png
LowLight/LOL/our485/high/138.png,LowLight/LOL/our485/low/138.png
LowLight/LOL/our485/high/622.png,LowLight/LOL/our485/low/622.png
LowLight/LOL/our485/high/241.png,LowLight/LOL/our485/low/241.png
LowLight/LOL/our485/high/685.png,LowLight/LOL/our485/low/685.png
LowLight/LOL/our485/high/59.png,LowLight/LOL/our485/low/59.png
LowLight/LOL/our485/high/135.png,LowLight/LOL/our485/low/135.png
LowLight/LOL/our485/high/460.png,LowLight/LOL/our485/low/460.png
LowLight/LOL/our485/high/682.png,LowLight/LOL/our485/low/682.png
LowLight/LOL/our485/high/132.png,LowLight/LOL/our485/low/132.png
LowLight/LOL/our485/high/567.png,LowLight/LOL/our485/low/567.png
LowLight/LOL/our485/high/789.png,LowLight/LOL/our485/low/789.png
LowLight/LOL/our485/high/239.png,LowLight/LOL/our485/low/239.png
LowLight/LOL/our485/high/617.png,LowLight/LOL/our485/low/617.png
LowLight/LOL/our485/high/564.png,LowLight/LOL/our485/low/564.png
LowLight/LOL/our485/high/786.png,LowLight/LOL/our485/low/786.png
LowLight/LOL/our485/high/236.png,LowLight/LOL/our485/low/236.png
LowLight/LOL/our485/high/614.png,LowLight/LOL/our485/low/614.png
LowLight/LOL/our485/high/561.png,LowLight/LOL/our485/low/561.png
LowLight/LOL/our485/high/783.png,LowLight/LOL/our485/low/783.png
LowLight/LOL/our485/high/5.png,LowLight/LOL/our485/low/5.png
LowLight/LOL/our485/high/233.png,LowLight/LOL/our485/low/233.png
LowLight/LOL/our485/high/611.png,LowLight/LOL/our485/low/611.png
LowLight/LOL/our485/high/230.png,LowLight/LOL/our485/low/230.png
LowLight/LOL/our485/high/718.png,LowLight/LOL/our485/low/718.png
LowLight/LOL/our485/high/63.png,LowLight/LOL/our485/low/63.png
LowLight/LOL/our485/high/559.png,LowLight/LOL/our485/low/559.png
LowLight/LOL/our485/high/715.png,LowLight/LOL/our485/low/715.png
LowLight/LOL/our485/high/76.png,LowLight/LOL/our485/low/76.png
LowLight/LOL/our485/high/609.png,LowLight/LOL/our485/low/609.png
LowLight/LOL/our485/high/556.png,LowLight/LOL/our485/low/556.png